{"cameraMode":{"drawMode":0,"name":"Shaded","section":"Shading Mode"},"sceneLighting":true,"audioPlay":false,"sceneViewState":{"showFog":true,"showMaterialUpdate":true,"showSkybox":true,"showFlares":true,"showImageEffects":true,"showParticleSystems":true},"in2DMode":false,"pivot":{"x":-0.03471027687191963,"y":-0.007692813873291016,"z":0.6117327213287354},"rotation":{"x":-0.03180420398712158,"y":-0.000902848260011524,"z":0.000028653950721491128,"w":-0.9994937181472778},"size":0.8885068297386169,"orthographic":false}