{"cameraMode":{"drawMode":0,"name":"Shaded","section":"Shading Mode"},"sceneLighting":false,"audioPlay":false,"sceneViewState":{"showFog":true,"showMaterialUpdate":true,"showSkybox":true,"showFlares":true,"showImageEffects":true,"showParticleSystems":true},"in2DMode":false,"pivot":{"x":0.0,"y":0.04625000059604645,"z":0.30000001192092898},"rotation":{"x":-0.05275725573301315,"y":-0.03235240280628204,"z":0.0017100307159125805,"w":-0.9980817437171936},"size":0.8820904493331909,"orthographic":false}